101801,Elisha,181167,"465 Hilll Harbor Apt. 046
North Ubaldo, VT 82841",pro,Rasheedburgh,Nebraska
1024,River,204,"651 Misty Wells Suite 175
Williamshire, WV 27734",regular,Elmershire,SouthCarolina
102983,Jess,404,"1563 Glenda Valleys
Tayaside, NC 88379-8113",regular,Ledaside,Kentucky
10695259,Sheridan,407,"33643 Von Fall
Breannechester, AL 74619",pro,Port Roelport,Virginia
109,Maudie,799,"2225 Beulah Islands Suite 468
Port Mariettafurt, N",regular,East Kaylin,Florida
10923732,Americo,247975,"23068 Amir Hills Apt. 737
Kennethstad, DC 80568-91",pro,Lake Bethel,California
112780,Titus,1929,"59454 Hagenes Court Suite 395
New Princeport, ND 0",pro,Port Amelia,Massachusetts
114739,Markus,547384,"015 Reilly Isle
Christiansenstad, MT 66709-4364",regular,North Ramonaberg,District of Columbia
11516327,Yazmin,71,"372 Fay Square Suite 450
Port Eunice, AR 63406",pro,Masonland,Nebraska
12658738,Alessandra,872678,"707 Ward Bridge
East Garfield, AR 32019",pro,Wittingville,Oklahoma
12849,Jailyn,750,"634 Lehner Expressway
Juliotown, IA 00920",pro,Jaskolskitown,NorthDakota
13198,Baron,611,"35629 Jast Field Suite 909
Aurelioburgh, ND 23938-",pro,South Estel,Missouri
1366488,Louie,754,"3231 Gutkowski Field
New Maximeshire, MS 17731-104",regular,Todtown,NorthCarolina
1403,Major,990551,"11220 Stacey Crescent Apt. 955
Bashirianhaven, CA ",regular,West Zulaport,Montana
142619972,Conor,145829,"6712 Harber Shoal
South Colin, FL 79078",pro,Lake Rupertside,Hawaii
14272,Fredy,857720,"86804 Batz Spur Suite 099
Darleneshire, IN 20843",regular,Haneborough,Idaho
14387,Ramona,849538,"149 Wilkinson Plain Suite 757
Hermanville, MD 1435",pro,West Jodiestad,Wisconsin
146,Otilia,621,"3548 Bednar Wells
Laceyfurt, AR 15832-1961",pro,South Emanuelstad,RhodeIsland
1469041,Clifton,144,"2045 Quigley Shoals
Albinhaven, SC 08031-0736",regular,Port Lon,Georgia
15,Neoma,575582,"7996 Borer Club Suite 594
Greenfelderchester, VT 5",pro,Wizahaven,Kentucky
