1018,Shanna,hiqj,xndi,7340,"65852 Shanie Run Apt. 701
New Kianburgh, WI 3"
1027,Guy,wsyn,lape,8622,"6666 Kovacek Estates Suite 038
Janicehaven, N"
1032,Sally,qomx,cnak,7760,"23662 Kuhlman Villages
North Cicero, NE 96257"
1054,Joanne,qamu,ltwn,9178,"70095 Shanahan Springs
West Pascalemouth, MS "
1068,Carissa,hsmf,ssip,1467,"02149 Witting Islands
North Ethylberg, AZ 147"
1072,Declan,ziie,sgae,1549,"9357 Hayes Alley Apt. 328
Lefflerport, HI 976"
1089,Susanna,poqu,ycat,5680,"418 Yost Burg
Samantashire, HI 29485"
109,Lydia,fjkq,jzvj,2022,"640 Dach Viaduct Suite 412
New Keely, SD 6878"
1090,Caleb,vbos,dbwi,5722,"087 Kuphal Grove
South Pearlie, NJ 18342"
1108,Cheyenne,rdmr,seve,9187,"88622 Fay Street
New Sharon, IA 87296-8545"
1112,Effie,wqte,fxpu,4111,"0141 Ubaldo Walks Apt. 432
Port Antone, OK 18"
1115,Chelsey,juhs,awqo,8887,"1073 Leonie Haven Suite 301
Marcelinoberg, IN"
1119,Neil,srzl,lbsn,2917,"34989 Dare Court
South Lurlineshire, IA 25553"
1131,Talon,mqzw,fviq,8595,"28466 Woodrow Crescent Suite 415
Kundeton, FL"
1139,Ethan,ybre,vnvq,4969,"248 Bogisich Pike
Breitenbergfurt, NH 04840"
1144,Helga,hyke,fcno,1111,"66937 Volkman Crossroad
Dejafurt, UT 12878"
1160,Bart,yuwe,fwlo,1203,"679 Hazle Course Apt. 618
North Dedricfurt, M"
1161,Donna,dxgy,lyhu,5078,"083 Harris River
West Eladiobury, MI 97531"
1174,Franco,niis,dcbw,2641,"978 Becker Junction Apt. 264
Asafort, ND 7587"
1176,Barry,pkbj,iovy,2429,"951 Bette Park Suite 577
Stiedemanntown, LA 9"
