"406","Gudrun","mdpk","wvos","7551","4582 Bednar Shoals
West Alexieburgh, AL 94478",
"4066","Maxie","qmde","cgcq","21602","700 Lesch Park Suite 437
Zachariahville, LA 1",
"4841","Helen","rzxu","fguu","10971","236 Daniel Extension
Schmidtton, CA 08369",
"4921","Belle","tols","yjiv","16664","013 Frida Street Suite 086
Townemouth, AR 995",
"5784","Marie","yitd","dskb","15941","36627 Donnell Plains
Lake Frederic, WI 57194",
"5789","Kathlyn","drfw","wqed","7709","77320 Jensen Lane Suite 975
North Trentbury, ",
"6021","Sarah","uotp","dixc","13685","95892 Watsica Oval Apt. 058
New Brookmouth, C",
"6463","Wade","zjig","lxre","21463","7761 Schiller Spur
South Aratown, AK 27291",
"6725","Dawson","ioyo","dmum","22121","9607 Casper Mission Apt. 354
Ferminstad, MI 1",
"6794","Kenna","vxyt","ofvk","22762","37998 Kobe Knoll Suite 244
South Josuetown, A",
"7489","Aaron","kskw","gwsm","22314","891 Furman Flats Suite 923
Port Donaldport, K",
"7505","Josiane","tpda","losl","4701","71898 Chloe Spur Apt. 644
East Sheridan, DC 3",
"806","Kailey","ftyu","hxjb","2944","022 Nienow Court
Kristofferbury, CA 31113",
"8283","Floyd","yije","ljcz","14636","64274 Robb Hills Suite 689
Savionberg, NC 265",
"8588","Brandi","qdul","zwja","15943","636 Stark Pike
Prohaskaport, ME 39988",
"9154","Destin","abai","qcxs","18450","994 Randal Loaf Apt. 493
South Jovanibury, KS",
"9193","Donato","ijka","bdmp","3708","0044 Wilderman Streets Apt. 494
Osinskistad, ",
"9338","Taurean","emjd","sygg","4978","18912 Eulah Harbors Suite 359
Walterfurt, MT ",
"9755","Yazmin","gyjp","tpsw","26835","2850 Jamel Terrace
North Zackfurt, GA 98522",
"9992","Kitty","crnq","xlpt","25115","773 Labadie Valleys
West Andresborough, NC 63",
