"1013","1995-06-25","ezii","Orval","257.4","663 Koss Roads
Bartolettiborough, PA 30337","Shanahan, Roob and Monahan",
"1220","2000-11-29","qjnz","Bridgette","444.6","70389 Hettie Flat Suite 754
Maybelleview, MT ","Waelchi Inc",
"1327","1972-12-22","ppnz","Jesus","527.7","04585 Sandrine Mountains Suite 143
Terryfort,","Barton-Ratke",
"1539","1998-05-25","nxvb","Anibal","524.9","070 Jacobi View Apt. 812
Nikolausview, TN 184","Kutch-Connelly",
"1757","1988-05-08","mife","Chasity","559.4","3642 Hunter Station Suite 319
East Heberfort,","Bauch, Mayer and Windler",
"2567","2012-04-14","hrjc","Celine","405.6","728 Robel Garden
East Lincolnhaven, SC 02751-","Wolf, Kunze and Emmerich",
"4389","1992-07-23","srbh","Aileen","255.9","215 Collier Harbor
North Genetown, OR 63722","Cremin Group",
"5441","1977-06-27","pzhi","Roscoe","257.6","807 Verlie Freeway
Marleneside, CA 69095-8020","Batz LLC",
"5728","1985-06-05","zbkj","Callie","52.5","773 Runolfsson Summit Suite 161
North Liliane","Fay-Marquardt",
"6314","2014-08-26","wlyq","Chet","178.9","762 Leffler View
East Alfredport, ID 12792-20","Hane and Sons",
"6535","1988-02-11","jdni","Edgar","645.8","7978 Nona Pass
New Gailhaven, MN 31199-9355","Donnelly and Sons",
"6806","2018-04-22","dmmv","Hosea","654.8","345 Schmidt Extensions
West Karelle, WA 75241","Mosciski, Schumm and Hartmann",
"7194","1999-07-23","lwoa","Lyla","470.2","980 Wuckert Dam
West Grantport, RI 47177","Wolff-Klein",
"7327","2020-05-26","iune","Alva","48.7","08925 Conroy Cliffs
North Allantown, NH 61342","Collins Group",
"8213","2008-10-26","hkkx","Dianna","684.8","6137 Eino Wall
Lake Johnsonfort, NV 09739-845","Hahn, Hoeger and Thiel",
"8334","1984-10-17","senp","Cordell","78.9","97439 Raquel Stravenue
Harveyfurt, TN 02863","Orn, Kunde and Nolan",
"8496","1999-06-15","dkdh","Giles","422.3","51266 Vinnie Square
Giuseppetown, IN 95170","Lehner PLC",
"8720","1991-05-25","jlxx","Berry","349.1","34414 Miller Drive Apt. 187
East Johann, MS 9","Fisher, Mills and King",
"8859","1983-07-23","mgpw","Nicolette","522.8","67008 Kshlerin Pike
Lolastad, VA 24085-2608","Ferry Group",
"9765","1982-03-12","mzee","Velma","361.2","19647 Reynolds Throughway Apt. 803
Lake Remin","Lehner Ltd",
